schoolId,daslSchoolId,schoolName,city,stateCode,colaIndex
001f400000EnXuz,20245,Admiral Farragut Academy,Saint Petersburg,FL,1.1273
001f400000EnXx6,0859,Annie Wright Schools,Tacoma,WA,1.1568
,0781,Appleby College,Oakville,ON,
,0025,Applewild School,Fitchburg,MA,1.2346
,168731,Archbishop Riordan High School,San Francisco,CA,2.0138
,0794,Ashbury College,Ottawa,ON,
,0031,"Asheville School, Inc.",Asheville,NC,0.9864
,2812104,Asia Pacific International School,Hauula,HI,1.5529
,0796,Balmoral Hall - School for Girls,Winnipeg,MB,
,174896,Bard Academy,Great Barrington,MA,1.2303
,0057,Berkshire School,Sheffield,MA,1.2302
,0294,Besant Hill School,Ojai,CA,1.3549
,0063,Blair Academy,Blairstown,NJ,1.1494
,0900,Branksome Hall,Toronto,ON,
,37148,Brentwood College School,Mill Bay,BC,
,0083,Brooks School,North Andover,MA,1.2987
,0095,Buffalo Seminary,Buffalo,NY,1.0654
,69866,Buxton School,Williamstown,MA,1.2303
,163324,Canadian Academy,Kobe,,
,0104,Canterbury School,New Milford,CT,1.252
,0109,Cardigan Mountain School,Canaan,NH,1.2409
,0118,Cate School,Carpinteria,CA,1.3489
,0133,Chatham Hall,Chatham,VA,0.9533
,0134,Cheshire Academy,Cheshire,CT,1.2319
,0137,Choate Rosemary Hall,Wallingford,CT,1.2319
,0141,Christ School,Arden,NC,0.9864
,0140,Christchurch School,Christchurch,VA,1.0581
,0153,Colorado Rocky Mountain School,Carbondale,CO,1.1339
,0161,Concord Academy,Concord,MA,1.3986
,77846,Cotter High School,Winona,MN,1.0128
,0170,Cranbrook Schools,Bloomfield Hills,MI,1.0632
,0172,Culver Academies,Culver,IN,0.9448
,0174,Cushing Academy,Ashburnham,MA,1.2346
,0176,Dana Hall School,Wellesley,MA,1.3932
,0177,Darlington School,Rome,GA,0.9182
,0182,Deerfield Academy,Deerfield,MA,1.239
,29807,Delphian School,Sheridan,OR,1.1863
,0191,Dublin School,Dublin,NH,1.1947
,0192,Dunn School,Los Olivos,CA,1.3489
,0202,Emma Willard School,Troy,NY,1.066
,0206,Episcopal High School,Alexandria,VA,1.3994
,0215,Fay School,Southborough,MA,1.2346
,52866,Fishburne Military School,Waynesboro,VA,
,0225,Fork Union Military Academy,Fork Union,VA,1.0359
,0231,Fountain Valley School of Colorado,Colorado Springs,CO,1.0582
,36835,Foxcroft Academy,Dover Foxcroft,ME,1.1465
,0233,Foxcroft School,Middleburg,VA,1.1313
,0247,Garrison Forest School,Owings Mills,MD,1.2813
,0248,George School,Newtown,PA,1.1279
,0992,Georgetown Preparatory School,North Bethesda,MD,1.4215
,0264,Gould Academy,Bethel,ME,1.1304
,0269,Grand River Academy,Austinburg,OH,0.8841
,0279,Grier School,Tyrone,PA,0.9866
,0281,Groton School,Groton,MA,1.3986
,0286,Hackley School,Tarrytown,NY,1.3005
,1323,Hargrave Military Academy,Chatham,VA,0.9533
,0812,Havergal College,Toronto,ON,
,0306,Hawaii Preparatory Academy,Kamuela,HI,1.4414
,0311,Hebron Academy,Hebron,ME,1.1304
,0320,Hillside School,Marlborough,MA,1.3986
,107326,Hokkaido International School,Sapporo,,
,0323,Holderness School,Plymouth,NH,1.2409
,1953,Idyllwild Arts Academy,Idyllwild,CA,1.2908
,0338,Indian Mountain School,Lakeville,CT,1.252
,0339,Indian Springs School,Indian Springs,AL,1.0023
,0340,Interlochen Center for the Arts,Interlochen,MI,0.9465
001f400000MbZaH,0341,Iolani School,Honolulu,HI,1.5529
,54202,John Bapst Memorial High School,Bangor,ME,1.1365
,165786,Kamehameha Schools,Honolulu,HI,1.859
,0357,Kent School - CT,Kent,CT,1.252
,0360,Kents Hill School,Kents Hill,ME,1.1637
,0364,Kimball Union Academy,Meriden,NH,1.2026
,0378,La Lumiere School,La Porte,IN,0.9194
,0374,Lake Forest Academy,Lake Forest,IL,1.1403
,0818,Lakefield College School,Lakefield,ON,
,1464,Landmark School,Prides Crossing,MA,1.2987
,0386,Lawrence Academy,Groton,MA,1.3986
,0391,Lexington Christian Academy,Lexington,MA,1.3986
,71060,Leysin American School,Leysin,,
,0398,Loomis Chaffee School,Windsor,CT,1.2545
,1810,Maplebrook School,Amenia,NY,1.0892
,0433,Mercersburg Academy,Mercersburg,PA,1.0085
,0436,Middlesex School,Concord,MA,1.3986
,0437,Midland School,Los Olivos,CA,1.3489
,0438,Millbrook School,Millbrook,NY,1.0892
,0439,Milton Academy,Milton,MA,1.3932
,0287,Miss Hall's School,Pittsfield,MA,1.2302
,0508,Miss Porter's School,Farmington,CT,1.2545
,29029,New Mexico Military Institute,Roswell,NM,0.977
,0465,North Country School,Lake Placid,NY,1.0544
,0471,North Yarmouth Academy,Yarmouth,ME,1.2324
,0467,Northfield Mount Hermon,Mount Hermon,MA,1.239
,0470,Northwood School,Lake Placid,NY,
,0479,Ojai Valley School,Ojai,CA,1.3549
,0480,Oldfields School,Sparks Glencoe,MD,1.2813
,99014,Oliverian School,Pike,NH,1.241
,0483,Oregon Episcopal School,Portland,OR,1.2542
,0500,Peddie School,Hightstown,NJ,1.2187
,0504,Perkiomen School,Pennsburg,PA,1.1717
,0861,Phillips Academy,Andover,MA,1.2987
,0862,Phillips Exeter Academy,Exeter,NH,1.2686
,0506,Pomfret School,Pomfret,CT,1.176
,0510,Portsmouth Abbey School,Portsmouth,RI,1.2979
,197769,Queen Margaret's School,Duncan,BC,
,0526,Rabun Gap-Nacoochee School,Rabun Gap,GA,0.9667
,0530,Rectory School,Pomfret,CT,1.176
,0829,Ridley College,St. Catharines,ON,
,36038,Riverstone International School,Boise,ID,1.0125
,69464,Ross School,East Hampton,NY,1.1771
,37158,Rosseau Lake College,Rosseau,ON,
,37159,Rothesay Netherwood School,Rothesay,NB,
,0551,Rumsey Hall School,Washington Depot,CT,1.252
,0562,Saint Andrew's School,Boca Raton,FL,1.1572
,0584,Saint James School,Hagerstown,MD,1.1978
,0604,Saint Mary's School,Raleigh,NC,1.0477
,0138,Saint Thomas Choir School,New York,NY,2.8309
,0623,Salem Academy,Winston Salem,NC,0.978
,0627,San Domenico School,San Anselmo,CA,1.6298
,0631,Santa Catalina School,Monterey,CA,1.3215
,20269,Scattergood Friends School,West Branch,IA,0.9898
,0645,Shady Side Academy,Pittsburgh,PA,1.097
,0062,Shattuck-St. Mary's School,Faribault,MN,0.9993
,37160,Shawnigan Lake School,Shawnigan Lake,BC,
,0652,Solebury School,New Hope,PA,1.1279
,0561,St. Andrew's School,Middletown,DE,1.1371
,0565,St. Anne's-Belfield School,Charlottesville,VA,
,0580,St. George's School,Middletown,RI,1.2979
,0835,St. George's School,Vancouver,BC,
,0589,St. John's Northwestern Academies,Delafield,WI,1.0906
,0592,St. Johnsbury Academy,Saint Johnsbury,VT,1.1728
,37169,St. Margaret's School,Victoria,BC,
,0601,St. Mark's School,Southborough,MA,1.2346
,2113,St. Mary's School,Medford,OR,1.1631
,5232,St. Michaels University School,Victoria,BC,
,0613,St. Paul's School,Concord,NH,1.2072
,0618,St. Stephen's Episcopal School,Austin,TX,1.0657
,0836,St. Stephen's School,Rome,,
,2164,St. Thomas More School,Oakdale,CT,1.2311
,0621,St. Timothy's School,Stevenson,MD,1.2813
,0842,Stanstead College,Stanstead,QC,
,0739,Steamboat Mountain School,Steamboat Springs,CO,1.2182
,0538,Stevenson School-Pebble Beach Campus & Carmel Campus,Pebble Beach,CA,1.3215
,0661,Stoneleigh-Burnham School,Greenfield,MA,1.2391
,0665,Stuart Hall School,Staunton,VA,
,24199,Subiaco Academy,Subiaco,AR,0.8931
,0666,Suffield Academy,Suffield,CT,1.2546
,0160,Sun Valley Community School,Sun Valley,ID,1.219
,0670,Tabor Academy,Marion,MA,1.279
,35372,Tallulah Falls School,Tallulah Falls,GA,0.9667
,3093,TASIS The American School in England,"Thorpe, Surrey",,
,0787,TASIS The American School in Switzerland,Montagnola-Lugano,,
,0052,The Bement School,Deerfield,MA,1.239
,0072,The Boys' Latin School of Maryland,Baltimore,MD,1.3659
,65673,The Brook Hill School,Bullard,TX,0.9573
,0102,The Cambridge School of Weston,Weston,MA,1.3986
,0178,The Darrow School,New Lebanon,NY,1.1046
,0208,The Ethel Walker School,Simsbury,CT,1.2545
,0218,The Fessenden School,West Newton,MA,1.3986
,0226,The Forman School,Litchfield,CT,1.252
,0284,The Frederick Gunn School,Washington,CT,1.252
,0265,The Governor's Academy,Byfield,MA,1.2987
,0266,The Gow School,South Wales,NY,1.0654
,0318,The Hill School,Pottstown,PA,1.1716
,0331,The Hotchkiss School,Lakeville,CT,1.252
,0333,The Hun School of Princeton,Princeton,NJ,1.2187
,0370,The Kiski School,Saltsburg,PA,1.0182
,0388,The Lawrenceville School,Lawrenceville,NJ,1.2187
,0395,The Linsly School,Wheeling,WV,1.0409
,0407,The Madeira School,McLean,VA,1.2143
,0417,The Marvelwood School,Kent,CT,1.252
,0421,The Masters School,Dobbs Ferry,NY,1.3005
,2091,The Miller School of Albemarle,Charlottesville,VA,1.0948
,195653,The Mount Academy,Esopus,NY,1.0574
,3184,The Northwest School,Seattle,WA,1.3491
,0503,The Pennington School,Pennington,NJ,1.2187
,0524,The Putney School,Putney,VT,1.2056
,0663,The Storm King School,Cornwall On Hudson,NY,1.0626
,0671,The Taft School,Watertown,CT,1.252
,0676,The Thacher School,Ojai,CA,1.3549
,21814,The Vanguard School of Lake Wales Inc,Lake Wales,FL,0.9509
,0725,The Webb School,Bell Buckle,TN,0.9095
,0723,The Webb Schools,Claremont,CA,1.627
,20352,The Woodhall School,Bethlehem,CT,1.252
,2792306,THINK Global School NY,New York,NY,2.8309
,0678,Thomas Jefferson School,Saint Louis,MO,1.0417
,0680,Tilton School,Tilton,NH,1.2343
,69898,TMI: Episcopal School,San Antonio,TX,1.0013
,0690,Trinity-Pawling School,Pawling,NY,1.0892
,0851,Upper Canada College,Toronto,ON,
,0710,Verde Valley School,Sedona,AZ,1.0415
,0711,Vermont Academy,Saxtons River,VT,1.2057
,29165,Villanova Preparatory School,Ojai,CA,1.3549
,0717,Walnut Hill School for the Arts,Natick,MA,1.3986
,0719,Wasatch Academy,Mount Pleasant,UT,0.9715
,0721,Wayland Academy,Beaver Dam,WI,0.9766
,0726,Western Reserve Academy,Hudson,OH,0.9555
,0729,Westminster School,Simsbury,CT,1.2545
,0732,Westover School,Middlebury,CT,1.2319
,0734,Westtown School,West Chester,PA,1.1623
,0743,Wilbraham & Monson Academy,Wilbraham,MA,1.1953
,0755,Woodberry Forest School,Woodberry Forest,VA,1.0616
,59933,Woodlands Academy of the Sacred Heart,Lake Forest,IL,1.1403
,2096,Woodside Priory School,Portola Valley,CA,1.6293
,0762,Worcester Academy,Worcester,MA,1.2346
,0766,Wyoming Seminary College Prep School,Kingston,PA,0.9799
